Workbook

Sheet EtaStar_Disp
A1: η* 計算シート (変位入力版) Disp→Acc: a = -(2πf)²·d/1000
A3: ■ 入力パラメータ
A4: サンプリング周波数 fs | B4: =(COUNT(TimeData!A2:A100000)-1)/(INDEX(TimeData!A2:A100000,COUNT(TimeData!A2:A100000))-TimeData!A2) -> 51199.998 | C4: Hz | D4: A列全体平均から自動算出
A5: データ点数 N | B5: =COUNT(TimeData!A2:A100000) -> 2000 | C5: 点
A6: 加振周波数 f | B6: 50 | C6: Hz | D6: 黄色: 加振周波数
A7: 粉体質量 m_p | B7: 1.61 | C7: g | D7: 黄色: 粉体のみ(基準ジグなら 0)
A8: 容器質量 m_c | B8: 2.1 | C8: g | D8: 黄色: 容器(ジグ)質量
A9: 合計質量 m_tot | B9: =B7+B8 -> 3.71 | C9: g
A10: 角周波数 ω | B10: =2*PI()*B6 -> 314.15927 | C10: rad/s
A12: ■ 使い方
A13: 1. 「TimeData」シート: A列=時刻[s], B列=力[N], C列=変位[mm] を貼り付け
A14: 2. 黄色セルに 加振周波数 f, 粉体質量 m_p, 容器質量 m_c を入力
A15: 3. ★ η* の行に答えが自動表示
A16: ※ 加速度は a = -(2πf)²·d/1000 でシート内部換算
A18: ■ 計算式
A19: D(f) = Σ d[n]·exp(-j2πf·t[n]) ※d はmm単位の生DFT
A20: X(f) = -(2πf)²·D/1000 ※加速度DFT [m/s²]
A21: Y(f) = Σ F[n]·exp(-j2πf·t[n]) ※力DFT
A22: η* = -2π·Im(X*·Y) / (m_tot · |X|²) ※論文式(2)
A27: ■ 計算結果
A28: 項目 | B28: 値 | C28: 単位 | D28: 備考
A29: Re(D) [変位DFT, mm単位] | B29: =SUMPRODUCT(TimeData!C2:C100000, COS(2*PI()*$B$6*TimeData!A2:A100000)) -> 0
A30: Im(D) [変位DFT, mm単位] | B30: =-SUMPRODUCT(TimeData!C2:C100000, SIN(2*PI()*$B$6*TimeData!A2:A100000)) -> 0
A31: Re(Y) [力DFT] | B31: =SUMPRODUCT(TimeData!B2:B100000, COS(2*PI()*$B$6*TimeData!A2:A100000)) -> -1.3841782
A32: Im(Y) [力DFT] | B32: =-SUMPRODUCT(TimeData!B2:B100000, SIN(2*PI()*$B$6*TimeData!A2:A100000)) -> 0.45601951
A33: Re(X) [加速度DFT = -ω²·D/1000] | B33: =-(B10^2)*B29/1000 -> 0
A34: Im(X) | B34: =-(B10^2)*B30/1000 -> 0
A35: |X|² (加速度パワー) | B35: =B33^2+B34^2 -> 0
A36: Re(P_cross) = Re(X)·Re(Y)+Im(X)·Im(Y) | B36: =B33*B31+B34*B32 -> 0
A37: Im(P_cross) = Re(X)·Im(Y)-Im(X)·Re(Y) | B37: =B33*B32-B34*B31 -> 0
A38: A_disp (変位振幅) | B38: =2*SQRT(B29^2+B30^2)/B5 -> 0 | C38: mm
A39: A_acc (加速度振幅) | B39: =2*SQRT(B35)/B5 -> 0 | C39: m/s²
A40: v_c,max (容器最大速度) | B40: =B39/B10 -> 0 | C40: m/s
A41: ★ η* (Reduced Loss Factor) | B41: =-2*PI()*B37/((B9/1000)*B35) -> #DIV/0! | C41: - | D41: 論文 式(2)
A42: (検算) E_diss [J] | B42: =-B37/(PI()*B6^2*B5^2) -> 0 | C42: J
A43: (検算) 基準KE ½·m_tot·v² [J] | B43: =0.5*(B9/1000)*B40^2 -> 0 | C43: J
A44: (検算) E_diss / KE | B44: =B42/B43 -> #DIV/0! | C44: - | D44: η* と一致するはず

Sheet EtaStar_Acc
A1: η* 計算シート (加速度入力版) Acc 直接使用
A3: ■ 入力パラメータ
A4: サンプリング周波数 fs | B4: =(COUNT(TimeData!A2:A100000)-1)/(INDEX(TimeData!A2:A100000,COUNT(TimeData!A2:A100000))-TimeData!A2) -> 51199.998 | C4: Hz | D4: A列全体平均から自動算出
A5: データ点数 N | B5: =COUNT(TimeData!A2:A100000) -> 2000 | C5: 点
A6: 加振周波数 f | B6: 1000 | C6: Hz | D6: 黄色: 加振周波数
A7: 粉体質量 m_p | B7: 0.754 | C7: g | D7: 黄色: 粉体のみ(基準ジグなら 0)
A8: 容器質量 m_c | B8: 0.88 | C8: g | D8: 黄色: 容器(ジグ)質量
A9: 合計質量 m_tot | B9: =B7+B8 -> 1.634 | C9: g
A10: 角周波数 ω | B10: =2*PI()*B6 -> 6283.1853 | C10: rad/s
A12: ■ 使い方
A13: 1. 「TimeData」シート: A列=時刻[s], B列=力[N], D列=加速度[m/s²] を貼り付け
A14: 2. 黄色セルに 加振周波数 f, 粉体質量 m_p, 容器質量 m_c を入力
A15: 3. ★ η* の行に答えが自動表示
A16: ※ 加速度を直接使用(微分・変換なし)
A18: ■ 計算式
A19: X(f) = Σ a[n]·exp(-j2πf·t[n]) ※加速度DFT [m/s²]
A20: Y(f) = Σ F[n]·exp(-j2πf·t[n]) ※力DFT
A21: η* = -2π·Im(X*·Y) / (m_tot · |X|²) ※論文式(2)
A27: ■ 計算結果
A28: 項目 | B28: 値 | C28: 単位 | D28: 備考
A29: Re(Y) [力DFT] | B29: =SUMPRODUCT(TimeData!B2:B100000, COS(2*PI()*$B$6*TimeData!A2:A100000)) -> -355.23042
A30: Im(Y) [力DFT] | B30: =-SUMPRODUCT(TimeData!B2:B100000, SIN(2*PI()*$B$6*TimeData!A2:A100000)) -> 334.87259
A31: Re(X) [加速度DFT] | B31: =SUMPRODUCT(TimeData!D2:D100000, COS(2*PI()*$B$6*TimeData!A2:A100000)) -> -146872.88
A32: Im(X) [加速度DFT] | B32: =-SUMPRODUCT(TimeData!D2:D100000, SIN(2*PI()*$B$6*TimeData!A2:A100000)) -> 120080.69
A33: |X|² (加速度パワー) | B33: =B31^2+B32^2 -> 3.5991016e+10
A34: Re(P_cross) = Re(X)·Re(Y)+Im(X)·Im(Y) | B34: =B31*B29+B32*B30 -> 92385449
A35: Im(P_cross) = Re(X)·Im(Y)-Im(X)·Re(Y) | B35: =B31*B30-B32*B29 -> -6527387.1
A36: A_acc (加速度振幅) | B36: =2*SQRT(B33)/B5 -> 189.71298 | C36: m/s²
A37: v_c,max (容器最大速度) | B37: =B36/B10 -> 0.030193759 | C37: m/s
A38: ★ η* (Reduced Loss Factor) | B38: =-2*PI()*B35/((B9/1000)*B33) -> 0.69738576 | C38: - | D38: 論文 式(2)
A39: (検算) E_diss [J] | B39: =-B35/(PI()*B6^2*B5^2) -> 5.1943296e-07 | C39: J
A40: (検算) 基準KE ½·m_tot·v² [J] | B40: =0.5*(B9/1000)*B37^2 -> 7.4482875e-07 | C40: J
A41: (検算) E_diss / KE | B41: =B39/B40 -> 0.69738576 | C41: - | D41: η* と一致するはず

Sheet TimeData
A1: 時刻 t [s] | B1: 力 F [N] | C1: 変位 d [mm] ← Disp版で使う | D1: 加速度 a [m/s²] ← Acc版で使う
A2: 0 | B2: =H2 -> -0.3621064 | D2: =G2*-1000/3.18 -> -145.23302 | F2: ← A: 時刻[s], B: 力[N] は両方で使用 | G2: 0.461841 | H2: -0.3621064
A3: 1.953125e-05 | B3: =H3 -> -0.4085042 | D3: =G3*-1000/3.18 -> -159.00865 | F3: ← C: 変位[mm] → EtaStar_Disp シート | G3: 0.5056475 | H3: -0.4085042
A4: 3.90625e-05 | B4: =H4 -> -0.4452706 | D4: =G4*-1000/3.18 -> -170.29855 | F4: ← D: 加速度[m/s²] → EtaStar_Acc シート | G4: 0.5415494 | H4: -0.4452706
A5: 5.859375e-05 | B5: =H5 -> -0.476455 | D5: =G5*-1000/3.18 -> -179.07802 | F5: ※ どちらか片方のみ埋めればOK(使う方のシートで計算) | G5: 0.5694681 | H5: -0.476455
A6: 7.8125e-05 | B6: =H6 -> -0.4902054 | D6: =G6*-1000/3.18 -> -185.11233 | G6: 0.5886572 | H6: -0.4902054
A7: 9.765625e-05 | B7: =H7 -> -0.4988553 | D7: =G7*-1000/3.18 -> -188.11642 | G7: 0.5982102 | H7: -0.4988553
A8: 0.0001171875 | B8: =H8 -> -0.5010984 | D8: =G8*-1000/3.18 -> -188.83748 | G8: 0.6005032 | H8: -0.5010984
A9: 0.0001367188 | B9: =H9 -> -0.4940945 | D9: =G9*-1000/3.18 -> -186.67541 | G9: 0.5936278 | H9: -0.4940945
A10: 0.00015625 | B10: =H10 -> -0.483242 | D10: =G10*-1000/3.18 -> -181.48811 | G10: 0.5771322 | H10: -0.483242
A11: 0.0001757812 | B11: =H11 -> -0.4622342 | D11: =G11*-1000/3.18 -> -173.60903 | G11: 0.5520767 | H11: -0.4622342
A12: 0.0001953125 | B12: =H12 -> -0.4366406 | D12: =G12*-1000/3.18 -> -163.11833 | G12: 0.5187163 | H12: -0.4366406
A13: 0.0002148438 | B13: =H13 -> -0.4050791 | D13: =G13*-1000/3.18 -> -149.9461 | G13: 0.4768286 | H13: -0.4050791
A14: 0.000234375 | B14: =H14 -> -0.3657473 | D14: =G14*-1000/3.18 -> -134.4905 | G14: 0.4276798 | H14: -0.3657473
A15: 0.0002539063 | B15: =H15 -> -0.322424 | D15: =G15*-1000/3.18 -> -117.29544 | G15: 0.3729995 | H15: -0.322424
A16: 0.0002734375 | B16: =H16 -> -0.2736119 | D16: =G16*-1000/3.18 -> -98.11695 | G16: 0.3120119 | H16: -0.2736119
A17: 0.0002929687 | B17: =H17 -> -0.2227785 | D17: =G17*-1000/3.18 -> -77.39283 | G17: 0.2461092 | H17: -0.2227785
... A2001: 0.03904297 | B2001: =H2001 -> -0.4591816 | D2001: =G2001*-1000/3.18 -> -172.85871 | G2001: 0.5496907 | H2001: -0.4591816
G2002: 0.574515 | H2002: -0.4839797
G2003: 0.5908621 | H2003: -0.4965342
G2004: 0.5998365 | H2004: -0.5028188
G2005: 0.5994377 | H2005: -0.5026646
G2006: 0.5897521 | H2006: -0.493739
G2007: 0.5719039 | H2007: -0.4802045
G2008: 0.5448802 | H2008: -0.4593916
G2009: 0.5084826 | H2009: -0.4317555
G2010: 0.4646809 | H2010: -0.3978598
G2011: 0.414476 | H2011: -0.357287
G2012: 0.3580629 | H2012: -0.3134274
G2013: 0.2961776 | H2013: -0.2640691
... G2049: 0.4153286 | H2049: -0.3086849
